日期,入孵數量,出雛數量,雛鵝參考價格,肉鵝平均價格
2025/06/23,96，440,107，696,90,65
2025/06/16,104，320,115，155,90,65
2025/06/09,110，637,110，451,90,65
2025/06/02,122，359,132，815,90,65
2025/05/26,127，449,137，845,90,65
2025/05/19,142，557,152，811,90,65
2025/05/12,142，730,151，425,90,65
2025/05/05,154，030,165，756,90,673
2025/04/28,157，219,176，552,90,673
2025/04/21,152，428,204，472,90,673
2025/04/14,170，519,200，905,90,69
2025/04/07,173，599,209，196,90,69
2025/03/31,176，040,226，622,90,69
2025/03/24,165，790,226，050,90,69
2025/03/17,163，667,220，645,90,69
2025/03/10,157，235,238，430,90,69
2025/03/03,151，247,220，013,95,69
2025/02/24,130，397,194，625,100,69
2025/02/17,126，096,196，996,100,69
2025/02/10,119，495,190，508,100,69
2025/02/03,115，558,174，086,105,69
2025/01/27,116，005,180，477,110,69
2025/01/20,108，902,166，377,110,69
2025/01/13,107，528,153，209,110,69
2025/01/06,97，967,152，663,115,69
2024/12/30,93，088,147，321,120,69
2024/12/23,89，128,134，802,120,69
2024/12/16,87，297,138，111,120,69
2024/12/09,84，577,135，701,120,69
2024/12/02,81，039,132，141,120,69
2024/11/25,78，776,113，560,125,69
2024/11/18,71，949,115，781,125,69
2024/11/11,71，336,114，970,130,69
2024/11/04,67，476,113，234,130,69
2024/10/28,73，473,118，461,130,69
2024/10/21,71，080,106，341,130,69
2024/10/14,70，045,108，958,130,69
2024/10/07,72，105,104，630,130,69
2024/09/30,74，071,108，200,130,69
2024/09/23,76，950,111，707,130,69
2024/09/16,78，517,104，252,130,69
2024/09/09,80，738,105，928,130,69
2024/09/02,70，052,107，571,130,69
2024/08/26,72，317,103，838,130,69
2024/08/19,71，702,105，599,130,69
2024/08/12,70，130,101，717,130,69
2024/08/05,76，728,109，592,130,69
2024/07/29,80，911,108，325,130,69
2024/07/22,81，604,111，918,130,69
2024/07/15,86，191,110，474,130,69
2024/07/08,88，858,115，248,120，130,69
2024/07/01,90，782,124，931,130,69
2024/06/24,86，735,121，398,130,69
2024/06/17,92，274,125，848,125,69
2024/06/10,94，812,127，054,120,69
2024/06/03,92，883,121，177,115,69
2024/05/27,94，633,118，813,115,69
2024/05/20,99，834,122，774,115,69
2024/05/13,102，515,132，824,110,69
2024/05/06,110，769,134，344,105,69
2024/04/29,120，969,137，694,105,69
2024/04/22,119，550,141，454,105,69
2024/04/15,120，635,152，549,105,69
2024/04/08,118，681,155，185,105,69
2024/04/01,121，439,163，899,105,69
2024/03/25,109，440,153，449,105,69
2024/03/18,114，220,151，721,105,69
2024/03/11,111，482,148，174,105,69
2024/03/04,104，509,153，667,105,69
2024/02/26,100，772,144，501,105,69
2024/02/19,109，737,151，110,105,69
2024/02/12,95，705,146，641,105,69
2024/02/05,98，229,142，548,105,69
2024/01/29,107，181,147，427,105,69
2024/01/22,105，967,146，535,105,69
2024/01/15,100，024,140，398,110,69
2024/01/08,101，580,140，761,115,69
2024/01/01,95，678,133，572,115,69
2023/12/25,88，510,130，940,115,69
2023/12/18,90，198,128，269,115,69
2023/12/11,88，295,125，004,115,69
2023/12/04,86，401,123，592,115,69
2023/11/27,85，539,119，198,115,69
2023/11/20,80，208,120，635,115,69
2023/11/13,84，201,123，488,115,69
2023/11/06,77，792,125，215,115,69
2023/10/30,71，380,119，000,115,69
2023/10/23,77，040,111，644,115,69
2023/10/16,71，110,117，844,115,69
2023/10/09,73，984,108，910,115,68
2023/10/02,81，914,112，610,115,68
2023/09/25,79，622,106，137,115,68
2023/09/18,77，681,107，607,115,68
2023/09/11,73，261,104，347,115,68
2023/09/04,76，378,109，227,115,68
2023/08/28,74，340,100，823,115,68
2023/08/21,76，786,104，296,115,68
2023/08/14,79，697,100，932,115,68
2023/08/07,82，068,102，622,115,68
2023/07/31,79，045,102，880,115,68
2023/07/24,77，059,103，057,115,68
2023/07/17,84，280,109，390,115,68
2023/07/17,109390,84280,115,68
2023/07/10,105900,84130,115,68
2023/07/10,84，130,105，900,115,68
2023/07/03,87，140,111，400,115,68
2023/07/03,111400,87140,115,68
2023/06/26,84，450,117，800,115,68
2023/06/19,90，596,118，900,105,68
2023/06/12,92，359,121，900,100,68
2023/06/12,121900,92359,100,68
2023/06/05,126400,95340,100,68
2023/06/05,95，340,126，400,100,68
2023/05/29,98，480,127，380,100,68
2023/05/22,102，440,120，155,95,68
2023/05/15,99，485,116，000,90,68
2023/05/15,116000,99485,90,68
2023/05/08,121530,98580,90,68
2023/05/08,98，580,121，530,90,68
2023/05/01,95，610,123，370,90,68
2023/05/01,123370,95610,90,68
2023/04/24,96，560,124，720,85,68
2023/04/17,92，190,113，900,80,68
2023/04/10,94，666,114，540,80,68
2023/04/10,114540,94666,80,68
2023/04/03,113400,90580,80,66
2023/04/03,90，580,113，400,80,66
2023/03/27,95，627,120，800,80,66
2023/03/20,97，079,123，460,75,66
2023/03/13,94，640,122，510,75,66
2023/03/13,122510,94640,75,66
2023/03/06,117670,95120,75,66
2023/03/06,95，120,117，670,75,66
2023/02/27,97，860,126，940,75,66
2023/02/20,93，960,126，120,75,66
2023/02/13,92，493,121，340,70,64
2023/02/13,121340,92493,70,64
2023/02/06,118895,88950,70,64
2023/02/06,88，950,118，895,70,64
2023/01/30,91，850,127，230,70,64
2023/01/23,83，740,124，450,70,64
2023/01/16,83，070,119，920,70,64
2023/01/09,121426,82860,70,64
2023/01/09,82，860,121，426,70,64
2023/01/02,87，380,118，410,70,64
2022/12/26,91，010,121，120,70,64
2022/12/19,93，155,133，380,70,64
2022/12/12,117570,89788,70,64
2022/12/12,89，788,117，570,70,64
2022/12/05,86，761,116，270,70,64
2022/11/28,88，293,116，830,70,64
2022/11/21,80，938,120，670,75,64
2022/11/21,120670,80938,75,64
2022/11/14,82，376,119，610,75,64
2022/11/07,118650,86780,75,64
2022/11/07,86，780,118，650,75,64
2022/10/31,84，223,118，780,80,64
2022/10/24,80，935,116，430,85,64
2022/10/17,83，586,125，180,85,64
2022/10/17,125180,83586,85,64
2022/10/10,85，600,120，185,85,64
2022/10/03,125785,98770,85,64
2022/10/03,98，770,125，785,85,64
2022/09/26,92，055,116，960,90,64
2022/09/19,87，846,121，760,95,64
2022/09/19,121760,87846,95,64
2022/09/12,91，915,120，352,95,64
2022/09/05,126030,93130,95,64
2022/09/05,93，130,126，030,95,64
2022/08/29,95，747,129，240,95,64
2022/08/22,89，391,118，540,100,64
2022/08/22,118540,89391,105,64
2022/08/15,91，286,120，970,105,64
2022/08/08,117850,91500,105,64
2022/08/01,124940,86960,105,64
2022/08/01,86，960,124，940,105,64
2022/07/25,86，357,120，390,105,64
2022/07/25,120390,86357,105,64
2022/07/18,86，290,120，780,105,64
2022/07/18,120780,86290,105,64
2022/07/11,119860,89760,105,64
2022/07/11,89，760,119，860,105,64
2022/07/04,95，380,117，750,105,64
2022/07/04,117750,95380,105,64
2022/06/27,131140,95874,105,64
2022/06/27,95，874,131，140,105,64
2022/06/20,100，355,132，750,105,64
2022/06/20,132750,100355,105,64
2022/06/13,129669,96419,105,64
2022/06/13,96，419,129，669,105,64
2022/06/06,101，139,128，602,105,64
2022/06/06,128602,101139,105,64
2022/05/30,101，920,129，056,100,64
2022/05/23,89，839,109，320,95,64
2022/05/23,109320,89839,95,64
2022/05/16,108360,92088,95,64
2022/05/16,92，088,108，360,95,64
2022/05/09,93，700,116，086,90,64
2022/05/09,116086,93700,90,64
2022/05/02,120820,99720,85,64
2022/05/02,99，720,120，820,85,64
2022/04/25,96，825,114，970,80,64
2022/04/25,116970,98825,80,64
2022/04/18,92，207,115，980,80,64
2022/04/18,117980,94207,80,64
2022/04/11,126500,100870,80,64
2022/04/11,98，870,125，500,80,64
2022/04/04,97，653,117，204,75,63
2022/04/04,118204,99153,75,63
2022/03/28,96，145,122，580,70,62
2022/03/28,122580,96145,70,62
2022/03/21,97，189,121，090,70,62
2022/03/21,121090,97189,70,62
2022/03/14,124096,96349,70,62
2022/03/14,96，349,124，096,70,62
2022/03/07,93，510,123，930,70,62
2022/03/07,123930,93510,70,62
2022/02/28,100，360,134，730,65,62
2022/02/21,99，878,120，330,65,62
2022/02/21,120330,99878,65,62
2022/02/14,101，350,128，550,65,62
2022/02/07,99，824,127，600,65,62
2022/01/31,92，120,123，320,65,62
2022/01/31,123320,92120,65,62
2022/01/24,102，871,130，200,65,62
2022/01/24,130200,102871,65,62
2022/01/17,102，793,131，800,65,62
2022/01/17,131800,102793,65,62
2022/01/10,135050,107754,65,62
2022/01/10,107，764,135，050,65,62
2022/01/03,112，173,118，910,65,62
2022/01/03,118910,112173,65,62
2021/12/27,103，012,128，690,65,62
2021/12/27,128690,103012,65,62
2021/12/20,100，803,123，480,65,60
2021/12/20,123480,100803,65,60
2021/12/13,134280,105180,65,60
2021/12/13,105，180,134，280,65,60
2021/12/06,103，288,138，200,65,60
2021/12/06,138200,103288,65,60
2021/11/29,100，539,131，870,65,60
2021/11/29,131870,100539,65,60
2021/11/22,96，901,128，150,70,60
2021/11/22,128150,96901,70,60
2021/11/15,127297,98698,75,58
2021/11/15,98，698,127，297,75,58
2021/11/08,94，506,125，720,75,58
2021/11/08,125720,94506,75,58
2021/11/01,123660,96765,75,58
2021/11/01,96，765,123，660,75,58
2021/10/25,92，529,131，250,75,58
2021/10/25,131250,92529,75,58
2021/10/18,89，049,134，860,75,58
2021/10/11,89，310,135，560,75,58
2021/10/04,92，122,133，330,75,58
2021/10/04,133330,92122,75,58
2021/09/27,130965,90588,75,58
2021/09/27,90，588,130，965,75,58
2021/09/20,91，281,131，377,75,58
2021/09/13,92，572,130，690,75,58
2021/09/06,96，086,131，020,75,58
2021/09/06,131020,96086,75,58
2021/08/30,95，711,128，365,75,58
2021/08/30,128365,95711,75,58
2021/08/23,97，658,125，787,75,56
2021/08/23,125787,97658,75,58
2021/08/16,122258,86568,75,56
2021/08/16,88，768,122，258,75,56
2021/08/09,85，060,119，655,70,54
2021/08/09,119655,82860,70,54
2021/08/02,69，932,105，060,65,52
2021/08/02,105060,69932,65,52
2021/07/26,67，888,102，710,65,52
2021/07/19,62，735,99，160,65,52
2021/07/19,99160,62735,65,52
2021/07/12,92340,64730,60,52
2021/07/12,64，730,92，340,60,52
2021/07/05,53，095,92，200,55,52
2021/07/05,92200,53095,55,52
2021/06/28,56，070,90，470,50,52
2021/06/28,90470,56070,45,52
2021/06/21,67，900,90，860,45,52
2021/06/14,69，500,93，972,45,52
2021/06/07,63，300,76，520,45,52
2021/06/07,76520,51103,45,52
2021/05/31,79280,58364,45,52
2021/05/31,100，800,79，280,45,52
2021/05/24,86，600,80，810,40,52
2021/05/24,80810,66385,40,52
2021/05/17,90，000,79，085,35,52
2021/05/17,79085,75975,35,52
2021/05/10,87，056,79，460,30,52
2021/05/10,79460,77056,30,52
2021/05/03,97，379,86，900,30,51
2021/05/03,86900,77379,30,51.1
2021/04/26,83，456,93，060,30,50
2021/04/26,93060,83456,30,50
2021/04/19,92，608,99，720,30,50
2021/04/19,99720,92608,30,50
2021/04/12,94，008,109，990,30,50
2021/04/12,109990,94008,30,50
2021/04/05,91，609,103，710,30,50
2021/04/05,103710,91609,30,50
2021/03/29,122300,101082,30,50
2021/03/29,91，155,122，300,30,50
2021/03/22,86，989,118，280,30,50
2021/03/22,118280,86969,30,50
2021/03/15,123750,100656,30,50
2021/03/15,100，656,123，750,30,50
2021/03/08,94，610,123，770,30,50
2021/03/08,123770,94610,30,50
2021/03/01,117200,92725,30,50
2021/03/01,92，725,117，200,30,50
2021/02/22,96，810,117，990,30,50
2021/02/15,86，289,118，780,30,50
2021/02/08,93，811,118，430,30,52
2021/02/01,83，451,101，460,30,52
2021/02/01,101460,83451,30,52
2021/01/25,103310,86930,30,52
2021/01/25,86，930,103，310,30,52
2021/01/18,91，392,101，800,30,52
2021/01/11,90，900,102，470,30,52
2021/01/11,108570,95800,30,52
2021/01/04,109610,93420,30,52
2021/01/04,89，220,105，010,30,52
2021/01/03,109610,93420,30,52
2020/12/28,89，750,100，360,30,52
2020/12/21,93，700,110，180,30,52
2020/12/14,92，820,111，380,40,52
2020/12/14,111380,92820,40,52
2020/12/07,126040,91160,50,52
2020/12/07,91，160,126，040,50,52
2020/11/30,91，110,140，050,65,52
2020/11/23,90，080,147，300,70,52
2020/11/23,147300,90080,70,52
2020/11/16,82，291,140，510,75,52
2020/11/09,75，742,135，390,80,52
2020/11/09,135390,75742,80,52
2020/11/02,131572,74105,80,52
2020/11/02,74，105,131，572,80,52
2020/10/26,71，097,120，134,80,52
2020/10/19,66，216,108，150,80,52
2020/10/12,66，140,95，860,80,52
2020/10/12,95860,66140,80,52
2020/10/05,66，926,92，900,80,52
2020/09/28,67，740,94，536,80,52
2020/09/21,68，620,88，020,80,52
2020/09/14,74，050,94，200,80,52
2020/09/07,72，640,91，200,80,52
2020/08/31,73，070,94，460,80,52
2020/08/24,77，004,96，860,80,52
2020/08/17,76，313,98，200,80,52
2020/08/10,76，610,96，780,80,52
2020/08/03,74，460,98，600,80,52
2020/07/27,79，139,100，120,80,52
2020/07/20,79，608,96，550,80,52
2020/07/13,82，508,99，950,80,52
2020/07/06,78，868,100，460,75,52
2020/06/29,78，984,94，820,70,52
2020/06/22,84，691,100，520,65,52
2020/06/15,93，400,116，600,60,54
2020/06/08,95，880,108，750,65,54
2020/06/01,104，973,111，500,70,54
2020/05/25,99，940,108，520,75,54
2020/05/18,80，642,95，900,80,54
2020/05/11,105，685,115，130,80,54
2020/05/04,117，972,133，318,80,56
2020/04/27,109，390,138，330,85,56
2020/04/20,103，830,124，810,90,59
2020/04/13,107，025,141，697,90,61
2020/04/06,113，087,142，647,90,63
2020/03/30,111，420,142，660,95,64
2020/03/23,111，600,140，300,100,66
2020/03/16,110，670,141，700,100,66
2020/03/09,103，208,133，550,100,68
2020/03/02,107，470,140，750,100,68
2020/02/24,106，024,139，970,100,68
2020/02/17,104，520,136，240,100,68
2020/02/10,103，780,136，480,100,68
2020/02/03,110，190,131，330,100,68
2020/01/27,95，750,131，930,100,68
2020/01/20,96，972,131，810,100,68
2020/01/13,98，685,130，330,105,68
2020/01/06,98，750,129，470,110,68
2019/12/30,93，500,125，230,110,68
2019/12/23,88，768,120，550,110,68
2019/12/16,94，216,130，894,115,68
2019/12/09,93，546,132，770,120,68
2019/12/02,86，782,132，800,125,68
2019/11/25,83，150,127，450,130,68
2019/11/18,77，723,124，130,135,68
2019/11/11,75，770,130，160,140,68
2019/11/04,71，542,125，988,140,68
2019/10/28,68，571,122，854,140,68
2019/10/21,63，577,116，540,140,68
2019/10/14,64，692,112，250,140,68
2019/10/07,65，209,107，230,140,68
2019/09/30,65，570,105，530,140,68
2019/09/23,70，600,93，200,140,68
2019/09/16,71，330,94，500,140,68
2019/09/09,74，900,95，520,140,68
2019/09/02,75，932,95，690,140,68
2019/08/26,79，373,97，500,140,68
2019/08/19,81，080,101，800,140,68
2019/08/12,81，540,104，840,140,66
2019/08/05,87，020,108，390,140,66
2019/07/29,85，730,112，720,140,66
2019/07/22,86，820,113，540,140,66
2019/07/15,82，960,113，510,140,66
2019/07/08,88，900,122，110,135,66
2019/07/01,83，300,113，700,130,66
2019/06/24,88，110,117，900,130,66
2019/06/17,80，100,107，800,130,66
2019/06/10,82，210,106，570,130,66
2019/06/03,83，810,108，400,125,66
2019/05/27,84，140,109，050,120,66
2019/05/20,81，860,101，400,120,66
2019/05/13,83，620,106，430,120,66
2019/05/06,75，830,95，860,115,66
2019/04/29,72，757,94，290,110,66
2019/04/22,74，080,97，090,110,66
2019/04/15,73，500,97，970,110,66
2019/04/08,78，428,101，483,110,66
2019/04/01,73，480,96，690,110,66
2019/03/25,78，850,104，300,105,66
2019/03/18,75，375,100，290,100,66
2019/03/11,79，938,104，480,95,66
2019/03/04,78，290,99，400,90,66
2019/02/25,82，760,108，180,90,66
2019/02/18,92，640,108，600,90,66
2019/02/11,83，015,103，560,85,66
2019/02/04,88，590,115，510,80,66
2019/01/28,90，250,112，140,80,66
2019/01/21,92，250,116，610,80,66
2019/01/14,91，203,116，030,80,66
2019/01/07,95，650,121，660,80,66
2018/12/31,93，860,131，850,80,66
2018/12/24,94，314,134，100,80,66
2018/12/17,92，250,129，635,80,66
2018/12/10,92，580,137，730,80,66
2018/12/03,100，310,147，250,80,66
2018/11/26,94，980,146，450,80,66
2018/11/19,95，506,142，440,80,66
2018/11/12,86，240,129，600,85,66
2018/11/05,81，582,120，410,90,66
2018/10/29,79，140,121，340,90,66
2018/10/22,80，100,122，962,90,66
2018/10/15,77，030,112，631,95,66
2018/10/08,80，800,112，700,100,66
2018/10/01,81，030,109，750,100,66
2018/09/24,74，130,108，180,100,66
2018/09/17,76，600,113，400,100,66
2018/09/10,76，320,111，000,100,66
2018/09/03,75，650,117，600,100,64
2018/08/27,73，300,103，500,100,64
2018/08/20,77，650,107，860,100,64
2018/08/13,74，960,103，000,100,64
2018/08/06,66，210,109，500,100,63
2018/07/30,68，450,107，750,100,62
2018/07/23,69，200,114，610,100,62
2018/07/16,68，250,110，650,95,62
2018/07/09,65，250,97，500,90,62
2018/07/02,66，050,98，200,90,60
2018/06/25,65，270,98，750,90,60
2018/06/18,64，910,97，230,85,60
2018/06/11,69，730,95，700,80,60
2018/06/04,68，610,92，500,80,60
2018/05/28,68，920,89，450,80,60
2018/05/21,71，960,86，850,75,60
2018/05/14,72，322,88，360,70,60
2018/05/07,73，000,89，900,70,60
2018/04/30,78，350,90，200,70,60
2018/04/23,75，110,94，610,70,60
2018/04/16,78，135,95，860,65,60
2018/04/09,78，150,100，940,60,60
2018/04/02,83，210,102，840,60,60
2018/03/26,83，500,103，390,60,60
2018/03/19,88，070,111，670,60,60
2018/03/12,85，600,106，540,60,60
2018/03/05,84，900,105，160,60,60
2018/02/26,89，870,110，810,60,60
2018/02/19,81，540,109，310,60,60
2018/02/12,92，950,112，560,60,60
2018/02/05,93，150,110，110,60,60
2018/01/29,94，000,117，840,60,60
2018/01/22,96，180,108，070,60,60
2018/01/15,94，810,117，150,60,60
2018/01/08,98，220,118，250,60,60
2018/01/01,97，179,124，020,60,60
2017/12/25,95，440,124，880,60,60
2017/12/18,89，500,121，350,60,60
2017/12/11,84，970,121，330,70,65
2017/12/04,85，300,123，110,70,70
2017/11/27,79，480,118，820,70,70
2017/11/20,80，200,116，200,70,70
2017/11/13,69，680,101，640,80,74
2017/11/06,68，720,103，150,90,74
2017/10/30,64，500,96，355,100,74
2017/10/23,62，230,91，680,110,74
2017/10/16,62，220,91，459,120,74
2017/10/09,62，220,88，730,125,74
2017/10/02,53，710,75，050,130,74
2017/09/25,54，260,72，230,135,74
2017/09/18,54，960,72，860,140,74
2017/09/11,56，540,71，160,140,74
2017/09/04,55，193,70，350,140,74
2017/08/28,58，300,70，650,140,74
2017/08/21,57，350,70，400,140,74
2017/08/14,59，450,70，310,140,74
2017/08/07,61，480,71，950,140,74
2017/07/31,61，860,78，600,130,74
2017/07/24,60，200,73，850,130,74
2017/07/17,62，540,82，400,120,74
2017/07/10,66，350,87，300,120,74
2017/07/03,63，200,82，460,110,74
2017/06/26,65，830,85，610,110,74
2017/06/19,61，050,80，900,100,74
2017/06/12,66，885,82，500,100,74
2017/06/05,64，789,81，400,90,74
2017/05/29,69，340,82，350,90,74
2017/05/22,70，170,80，100,80,74
2017/05/15,73，800,82，950,80,74
2017/05/08,79，000,85，020,80,74
2017/05/01,82，920,92，090,80,74
2017/04/24,78，380,90，350,80,74
2017/04/17,78，975,96，100,80,74
2017/04/10,81，950,103，840,80,74
2017/04/03,78，450,105，736,80,74
2017/03/27,76，428,105，420,80,74
2017/03/20,75，930,106，730,80,74
2017/03/13,76，710,115，530,80,74
2017/03/06,76，156,108，340,80,74
2017/02/27,75，970,110，540,80,74
2017/02/20,75，200,105，800,90,74
2017/02/13,75，400,110，170,90,74
2017/02/06,78，465,106，270,90,74
2017/01/30,69，525,98，060,90,74
2017/01/23,78，340,108，950,90,74
2017/01/16,75，150,107，320,90,74
2017/01/09,70，340,112，270,90,74
2017/01/02,72，710,102，650,90,74
2016/12/26,73，775,110，200,90,74
2016/12/19,65，320,100，840,100,74
2016/12/12,63，430,100，230,100,74
2016/12/05,61，460,99，793,100,74
2016/11/28,57，860,98，060,100,74
2016/11/21,50，890,92，047,110,74
2016/11/14,46，050,90，430,110,74
2016/11/07,44，950,88，600,110,74
2016/10/31,40，787,82，360,110,74
2016/10/24,35，610,76，820,110,74
2016/10/17,33，336,64，190,120,74
2016/10/10,31，795,59，156,120,74
2016/10/03,31，185,55，166,120,74
2016/09/26,26，230,49，404,120,74
2016/09/19,28，680,46，100,130,74
2016/09/12,29，260,47，392,140,74
2016/09/05,30，290,43，930,140,74
2016/08/29,30，960,40，980,140,74
2016/08/25,52180,36890,140,74.6
2016/08/22,25，837,45，010,140,74
2016/08/15,32，090,47，290,140,74
2016/08/08,34，221,48，342,140,74
2016/08/01,38，250,52，400,140,74
2016/07/25,36，890,52，180,140,75
2016/07/18,38，820,53，590,140,77
2016/07/11,41，280,56，900,140,80
2016/07/04,40，370,54，500,140,81
2016/06/27,41，830,54，936,130,82
2016/06/20,42，140,51，380,,
2016/06/13,46，290,55，650,130,82
2016/06/06,47，640,53，360,130,82
2016/05/30,50，430,60，350,130,82
2016/05/25,88460,73020,160,82
2016/05/23,56，220,60，050,130,82
2016/05/18,88900,73850,170,84.6
2016/05/16,60，400,66，910,130,82
2016/05/09,62，976,70，990,140,82
2016/05/02,65，960,70，240,150,82
2016/04/25,73，020,88，460,160,82
2016/04/18,73，850,88，900,170,85
2016/04/11,79，860,95，308,180,86
2016/04/04,74，001,97，850,190,90
2016/03/28,77，492,104，850,190,92
2016/03/21,78，110,104，100,190,95
2016/03/14,74，155,100，600,190,95
2016/03/07,52，230,73，680,190,95
2016/02/29,45，350,75，860,190,95
2016/02/22,47，288,74，860,190,95
2016/02/15,53，650,79，380,190,95
2016/02/08,54，250,76，062,190,95
2016/02/01,50，220,65，070,190,95
2016/01/25,48，720,63，490,190,94
2016/01/18,41，590,61，610,190,92
2016/01/11,40，390,60，210,190,92
2016/01/04,36，620,60，810,190,92
2015/12/28,36，543,57，560,190,90
2015/12/21,34，382,59，480,190,90
2015/12/14,34，630,55，370,190,90
2015/12/07,33，131,55，552,190,90
2015/11/30,31，411,52，390,190,90
2015/11/23,25，932,48，601,190,90
2015/11/16,25，391,46，984,190,90
2015/11/09,23，980,49，560,190,90
2015/11/02,23，610,48，140,190,90
2015/10/26,22，247,42，062,190,90
2015/10/19,21，900,41，750,190,90
2015/10/12,19，220,30，060,190,90
2015/10/05,18，640,28，460,190,90
2015/09/28,18，780,27，300,190,90
2015/09/21,18，608,27，100,190,90
2015/09/14,19，900,25，072,190,90
2015/09/07,15，730,25，760,190,90
2015/08/31,14，800,20，950,180,90
2015/08/24,15，650,24，800,170,90
2015/08/17,17，300,25，300,160,89
2015/08/10,21，400,26，800,150,88
2015/08/03,23，860,26，400,150,88
2015/07/27,25，400,29，050,150,88
2015/07/20,27，020,28，400,150,88
2015/07/13,25，256,31，900,150,88
2015/07/06,26，300,34，172,155,87
2015/06/29,29，623,36，502,160,86
2015/06/22,30，812,37，836,165,86
2015/06/15,30，900,33，900,170,86
2015/06/08,32，400,36，500,180,85
2015/06/01,32，090,42，900,190,83
2015/05/25,31，350,46，600,200,82
2015/05/18,30，400,46，050,210,82
2015/05/11,35，800,55，260,220,82
2015/05/04,33，950,47，620,210,82
2015/04/27,28，800,43，520,200,80
2015/04/20,27，260,42，050,190,80
2015/04/13,21，120,30，990,180,80
2015/04/06,20，300,24，900,160,78
2015/03/30,20，980,26，800,140,75
2015/03/23,21，420,28，100,120,73
2015/03/16,20，830,29，400,100,71
2015/03/09,26，140,30，800,100,67
2015/03/02,32，680,37，600,100,65
2015/02/23,46，940,41，900,90,63
2015/02/16,108，400,42，600,60,62
2015/02/09,90，000,50，200,60,62
2015/02/02,122，400,64，200,60,62
2015/01/26,132，000,58，200,60,62
2015/01/19,149，460,141，810,60,62
2015/01/12,137，300,166，900,60,62
2015/01/05,160，830,195，020,60,62
2014/12/29,162，129,212，250,60,62
2014/12/22,160，670,210，990,65,62
2014/12/15,156，048,219，505,70,62
2014/12/08,159，102,226，846,75,62
2014/12/01,147，655,219，765,80,62
2014/11/24,141，950,220，810,85,62
2014/11/17,138，510,207，720,90,62
2014/11/10,134，200,216，810,95,62
2014/11/03,128，620,206，460,100,62
2014/10/27,125，420,198，570,100,62
2014/10/20,121，530,193，270,100,60
2014/10/13,127，250,192，000,100,59
2014/10/06,123，620,184，600,100,58
2014/09/29,125，320,183，660,100,57
2014/09/22,123，670,165，014,100,56
2014/09/15,128，100,182，100,100,55
2014/09/08,128，600,175，645,100,53
2014/09/01,124，780,181，200,100,53
2014/08/25,125，960,178，892,100,52
2014/08/18,123，720,184，010,100,50
2014/08/11,122，832,183，992,100,49
2014/08/04,118，123,176，980,100,49
2014/07/28,119，230,176，368,100,48
2014/07/21,122，230,168，850,100,47
2014/07/14,119，980,167，400,100,47
2014/07/07,117，720,159，450,90,47
2014/06/30,121，500,162，650,80,47
2014/06/23,122，300,164，110,70,47
2014/06/16,124，600,161，113,70,47
2014/06/09,132，240,155，460,70,47
2014/06/02,139，660,160，600,70,48
2014/05/26,159，065,173，120,70,48
2014/05/19,162，360,173，400,70,48
2014/05/12,169，040,181，990,70,48
2014/05/05,179，378,186，500,70,48
2014/04/28,185，659,222，930,70,48
2014/04/21,177，535,226，150,70,48
2014/04/14,181，908,230，750,70,48
2014/04/07,178，340,244，269,70,49
2014/03/31,174，961,252，703,70,50
2014/03/24,169，159,235，237,70,52
2014/03/17,171，116,237，159,70,53
2014/03/10,169，287,237，289,70,55
2014/03/03,165，418,230，467,70,56
2014/02/24,164，403,227，340,70,57
2014/02/17,165，090,227，050,70,58
2014/02/10,165，737,239，918,70,58
2014/02/03,232，517,0,70,60
2014/01/27,226，550,162，180,70,60
2014/01/20,225，880,160，531,70,63
2014/01/13,232，130,160，300,70,65
2014/01/06,226，900,168，594,70,66
2013/12/30,233，100,163，200,75,66
2013/12/23,231，260,160，620,75,66
2013/12/16,226，620,160，970,75,68
2013/12/09,222，890,155，488,75,68
2013/12/02,226，980,155，953,75,69
2013/11/25,228，095,143，070,80,70
2013/11/18,229，530,138，300,85,72
2013/11/11,207，485,117，930,90,72
2013/11/04,199，238,115，130,90,72
2013/10/28,181，900,114，480,90,72
2013/10/23,156500,114515,105,68
2013/10/21,179，410,113，312,95,72
2013/10/14,162，215,112，960,100,71
2013/10/07,158，580,113，100,100,70
2013/09/30,158，800,113，920,100,70
2013/09/23,156，500,114，515,,
2013/09/16,154，520,116，330,110,66
2013/09/09,156，712,118，590,110,65
2013/09/02,157，300,118，640,110,63
2013/08/26,158，810,117，680,110,62
2013/08/19,160，100,117，900,110,60
2013/08/12,162，470,115，609,110,59
2013/08/05,161，000,111，330,110,58
2013/07/29,161，200,109，200,110,58
2013/07/22,160，500,109，788,110,56
2013/07/15,159，860,110，640,110,56
2013/07/08,152，700,111，700,110,56
2013/07/01,151，580,107，770,110,56
2013/06/24,149，550,106，460,110,56
2013/06/17,149，750,109，450,105,56
2013/06/10,147，344,110，040,100,56
2013/06/03,131，450,113，570,95,56
2013/05/27,130，040,114，600,90,56
2013/05/20,143，500,125，020,85,56
2013/05/13,143，200,128，750,80,56
2013/05/06,155，420,135，520,75,56
2013/04/29,155，120,142，860,75,56
2013/04/22,173，470,142，360,75,56
2013/04/15,176，810,147，720,70,56
2013/04/08,184，558,155，320,65,56
2013/04/01,194，376,157，650,65,56
2013/03/25,191，900,158，300,65,58
2013/03/18,197，900,155，200,65,59
2013/03/11,212，050,155，600,60,59
2013/03/04,213，650,154，600,60,59
2013/02/25,212，720,158，100,60,60
2013/02/18,209，450,154，050,60,60
2013/02/11,209，850,152，650,60,62
2013/02/04,207，070,148，870,60,62
2013/01/28,210，550,144，570,60,62
2013/01/21,208，290,144，160,60,62
2013/01/14,205，410,142，190,60,62
2013/01/07,203，530,144，380,60,62
2012/12/31,196，748,142，060,60,62
2012/12/24,195，380,142，880,60,63
2012/12/17,196，520,140，150,65,63
2012/12/10,199，582,127，620,70,65
2012/12/03,196，850,126，130,70,67
2012/11/26,197，638,125，551,70,67
2012/11/19,193，988,121，580,70,67
2012/11/12,178，246,118，400,70,67
2012/11/05,173，585,109，865,75,67
2012/10/29,170，901,108，239,80,67
2012/10/22,169，200,105，710,80,67
2012/10/15,164，084,102，900,80,67
2012/10/08,154，270,99，512,80,67
2012/10/01,149，270,98，000,80,67
2012/10/01,149270,98000,80,66.7
2012/09/24,143，400,97，340,80,66
2012/09/17,140，800,97，170,80,64
2012/09/10,137，700,92，864,80,63
2012/09/03,137，460,92，293,80,62
2012/08/27,134，600,91，780,80,60
2012/08/20,135，100,90，830,80,58
2012/08/13,129，820,84，085,80,55
2012/08/06,128，820,86，660,80,54
2012/07/30,126，000,88，300,80,52
2012/07/23,120，700,88，080,75,52
2012/07/16,116，600,82，015,70,50
2012/07/09,120，900,88，820,70,50
2012/07/02,123，000,95，300,65,50
2012/06/25,124，300,99，620,60,50
2012/06/18,105，800,96，430,55,50
2012/06/11,107，825,106，232,55,50
2012/06/04,121，515,110，507,55,50
2012/05/28,130，574,124，199,55,50
2012/05/21,137，265,131，516,50,50
2012/05/14,150，767,137，500,45,50
2012/05/07,152，030,141，290,45,50
2012/04/30,172，770,142，752,45,50
2012/04/23,179，121,145，645,40,50
2012/04/16,185，715,153，255,35,50
2012/04/09,188，150,162，640,35,48
2012/04/02,191，530,161，530,35,48
2012/03/26,197，120,161，440,35,48
2012/03/19,193，670,157，340,35,48
2012/03/12,219，330,161，430,35,48
2012/03/05,217，810,159，015,35,48
2012/02/27,224，350,158，365,35,48
2012/02/20,212，574,153，520,40,48
2012/02/13,223，750,144，790,45,48
2012/02/06,222，823,142，560,45,48
2012/01/30,203，891,138，320,45,48
2012/01/23,201，618,131，470,45,47
2012/01/16,202，360,130，908,45,47
2012/01/09,194，918,129，357,45,49
2012/01/02,191，400,129，198,45,49
2011/12/26,185，560,121，422,45,49
2011/12/19,180，818,118，100,45,49
2011/12/12,175，071,114，580,45,49
2011/12/05,174，598,101，443,45,49
2011/11/28,160，258,91，010,45,49
2011/11/21,159，540,89，140,45,49
2011/11/14,154，965,76，915,45,49
2011/11/07,128，100,72，050,45,49
2011/10/31,125，760,76，700,45,48
2011/10/24,119，000,79，550,45,48
2011/10/17,105，260,85，200,45,48
2011/10/10,103，764,88，680,45,47
2011/10/03,105，841,96，380,45,47
2011/09/26,114，244,101，900,45,45
2011/09/19,119，350,100，380,45,44
2011/09/12,123，340,102，500,45,43
2011/09/05,128，360,99，280,45,42
2011/08/29,139，345,106，600,45,42
2011/08/22,136，570,109，280,40,40
2011/08/15,132，260,110，810,45,40
2011/08/08,138，040,115，310,45,40
2011/08/01,150，544,119，910,45,40
2011/07/25,156，716,120，120,45,40
2011/07/18,164，000,116，570,45,40
2011/07/11,168，912,114，280,45,42
2011/07/04,170，097,115，900,45,42
2011/06/27,171，000,123，520,50,43
2011/06/20,156，981,133，190,55,43
2011/06/13,151，223,130，480,55,43
2011/06/06,161，292,147，860,55,44
2011/05/30,174，894,157，100,60,44
2011/05/23,182，475,165，590,65,44
2011/05/16,181，435,165，300,65,44
2011/05/09,203，050,170，270,65,45
2011/05/02,217，188,168，442,65,46
2011/04/25,223，979,163，271,65,47
2011/04/18,235，617,155，880,65,47
2011/04/11,246，993,159，270,65,47
2011/04/04,243，389,162，040,65,47
2011/03/28,234，672,158，640,60,47
2011/03/21,226，930,149，870,60,47
2011/03/14,233，925,147，860,60,46
2011/03/07,225，870,144，360,60,46
2011/02/28,219，958,141，260,50,45
2011/02/21,197，170,136，225,50,45
2011/02/14,190，192,137，070,50,44
2011/02/07,186，860,138，991,50,43
2011/01/31,185，260,137，320,50,43
2011/01/24,180，705,140，150,50,43
2011/01/17,183，700,140，510,50,43
2011/01/10,182，440,143，290,50,43
2011/01/03,186，540,140，872,50,41
2010/12/27,178880,140028,50,41.6
2010/12/20,177，940,136，470,,
2010/12/13,183，166,140，018,50,45
2010/12/06,181，120,138，258,50,46
2010/11/29,179，450,143，866,50,50
2010/11/22,179，640,144，427,50,55
2010/11/15,176，580,146，565,50,59
2010/11/08,198，644,133，950,60,62
2010/11/06,181120,138258,50,45
2010/11/01,208，334,126，678,70,63
2010/10/25,208，458,125，590,80,64
2010/10/18,212，689,122，860,90,64
2010/10/11,187，428,122，953,95,64
2010/10/04,178，726,115，590,100,64
2010/09/27,174，780,112，630,105,64
2010/09/20,170，994,108，967,110,64
2010/09/13,168，538,102，314,115,64
2010/09/06,160，368,104，264,120,62
2010/08/30,148，450,102，810,120,61
2010/08/23,148，005,98，820,120,60
2010/08/16,146，399,97，470,120,58
2010/08/09,146，425,97，630,120,55
2010/08/02,146，060,96，425,120,54
2010/07/26,148，052,93，948,115,52
2010/07/19,140，499,96，885,110,51
2010/07/12,139，135,103，346,105,50
2010/07/05,134，440,101，298,100,50
2010/06/28,128，360,104，060,95,49
2010/06/21,135，120,105，348,90,48
2010/06/14,145，457,105，647,85,47
2010/06/07,155，480,110，100,80,47
2010/05/31,157，480,123，160,75,46
2010/05/24,151，002,130，264,70,46
2010/05/17,152，955,130，250,65,45
2010/05/10,156，135,135，480,60,45
2010/05/03,192，310,140，230,60,45
2010/04/26,202，040,143，370,60,44
2010/04/19,202，310,145，610,55,43
2010/04/12,200，060,154，080,50,41
2010/04/05,205，730,159，110,50,41
2010/03/29,210，650,155，070,50,40
2010/03/22,212，700,160，715,50,40
2010/03/15,224，080,151，150,50,40
2010/03/08,231，520,146，650,50,40
2010/03/01,229，000,144，065,50,41
2010/02/22,229，380,142，320,50,42
2010/02/15,209，150,133，840,50,43
2010/02/08,204，460,140，720,45,45
2010/02/01,197，420,134，260,45,47
2010/01/25,190，154,132，230,45,49
2010/01/18,187，970,134，970,45,49
2010/01/11,184，700,139，380,40,50
2010/01/04,187，670,145，840,40,50
2009/12/28,190，360,139，759,40,51
2009/12/21,191，655,149，050,40,52
2009/12/14,190，934,141，430,40,53
2009/12/07,197，520,141，470,50,55
2009/11/30,206，400,139，660,60,57
2009/11/23,207，399,134，700,65,60
2009/11/16,214，159,128，670,70,63
2009/11/09,205，882,120，640,80,66
2009/11/02,196，240,115，770,85,69
2009/10/26,183，629,113，350,90,71
2009/10/19,170，293,99，460,95,71
2009/10/12,154，168,91，144,100,71
2009/10/05,146，320,87，225,105,71
2009/09/28,141，739,76，595,110,71
2009/09/21,134，703,71，950,110,69
2009/09/14,132，990,76，504,110,66
2009/09/07,127，587,77，670,110,65
2009/08/31,109，438,75，145,110,61
2009/08/24,104，533,70，524,110,56
2009/08/17,101，159,70，069,110,51
2009/08/10,105，536,68，287,110,48
2009/08/03,108，560,66，810,110,46
2009/07/27,107，990,66，060,110,45
2009/07/20,113，027,73，460,110,44
2009/07/13,107，770,67，120,105,44
2009/07/06,105，049,66，460,100,44
2009/06/29,110，104,62，560,95,44
2009/06/22,114，670,62，290,90,43
2009/06/15,101，728,59，243,90,43
2009/06/08,93，132,63，844,85,43
2009/06/01,89，766,77，506,80,43
2009/05/25,86，648,94，167,75,43
2009/05/18,85，806,102，897,70,43
2009/05/11,96，193,107，790,65,43
2009/05/04,110，060,108，730,60,42
2009/04/27,130，120,112，240,55,42
2009/04/20,141，659,116，726,50,42
2009/04/13,150，025,123，404,50,42
2009/04/06,158，230,130，390,50,42
2009/03/30,161，580,135，954,50,41
2009/03/23,162，665,136，189,50,41
2009/03/16,177，804,139，415,50,40
2009/03/09,193，415,144，839,50,40
2009/03/02,201，130,143，573,50,40
2009/02/23,206，631,142，650,60,40
2009/02/16,207，490,140，180,60,40
2009/02/09,200，068,138，415,60,40
2009/02/02,199，620,140，340,60,40
2009/01/26,199，990,141，260,60,43
2009/01/19,198，910,143，800,70,44
2009/01/12,198，170,146，800,70,47
2009/01/05,200，790,153，670,70,51
2008/12/29,202，480,149，990,70,55
2008/12/22,206，360,147，666,70,59
2008/12/15,210，060,146，025,70,65
2008/12/08,211，400,144，120,70,68
2008/12/01,197，380,143，100,70,71
2008/11/24,184，489,125，515,70,73
2008/11/17,178，653,120，473,75,73
2008/11/10,171，035,111，119,80,73
2008/11/03,168，482,102，954,80,73
2008/10/27,159，160,93，717,80,73
2008/10/20,158，306,90，979,,
2008/10/13,155，236,85，988,90,69
2008/10/06,143，907,84，680,95,61
2008/09/29,136，727,80，116,100,57
2008/09/22,126，922,76，962,100,54
2008/09/15,115，853,72，758,100,51
2008/09/08,113，513,72，134,100,50
2008/09/01,108，514,70，092,100,50
2008/08/25,105，956,69，226,100,50
2008/08/18,98，669,70，290,100,49
2008/08/11,98，419,70，090,100,48
2008/08/04,99，769,69，662,100,48
2008/07/28,98，402,73，105,100,47
2008/07/21,100，222,75，342,95,47
2008/07/14,100，059,75，147,90,47
2008/07/07,99，050,74，140,85,47
2008/06/30,96，180,75，350,80,47
2008/06/23,109，338,85，875,75,47
2008/06/16,108，948,92，719,70,47
2008/06/09,111，009,99，866,65,47
2008/06/02,107，723,101，100,60,47
2008/05/26,117，807,111，474,60,47
2008/05/19,126，662,122，284,60,47
2008/05/12,139，460,125，141,60,47
2008/05/05,139，573,125，122,60,47
2008/04/28,160，140,122，450,50,47
2008/04/21,166，080,125，540,50,47
2008/04/14,166，264,125，745,50,47
2008/04/07,173，320,137，521,50,48
2008/03/31,175，417,137，386,45,48
2008/03/24,164，825,136，962,45,48
2008/03/17,169，424,138，985,45,48
2008/03/10,200，738,136，257,45,48
2008/03/03,202，994,136，810,45,49
2008/02/25,203，773,132，686,45,49
2008/02/18,206，316,128，359,45,50
2008/02/11,202，700,125，665,45,50
2008/02/04,202，260,128，957,45,50
2008/01/28,188，990,128，415,45,52
2008/01/21,182，120,134，342,45,53
2008/01/14,174，057,126，561,45,53
2008/01/07,175，731,124，206,45,53
2007/12/31,179，819,125，354,45,53
2007/12/24,176，378,124，311,45,53
2007/12/17,170，611,116，480,45,52
2007/12/10,169，061,111，942,45,52
2007/12/03,180，237,116，900,40,52
2007/11/26,174，356,116，220,40,51
2007/11/19,159，558,115，102,45,50
2007/11/12,150，440,105，221,50,50
2007/11/05,151，902,106，656,55,49
2007/10/29,173，351,102，458,60,47
2007/10/22,171，653,100，810,60,45
2007/10/15,160，941,100，802,60,44
2007/10/08,161，160,92，825,60,42
2007/10/01,155，640,90，137,60,41
2007/09/24,146，350,90，050,60,41
2007/09/17,141，490,91，450,60,41
2007/09/10,131，550,94，095,60,41
2007/09/03,134，200,98，009,60,40
2007/08/27,136，386,95，815,60,40
2007/08/20,140，125,95，937,60,40
2007/08/13,142，700,95，676,60,39
2007/08/06,134，110,92，723,60,38
2007/07/30,133，170,91，527,60,36
2007/07/23,137，750,88，527,60,34
2007/07/16,133，106,94，398,60,33
2007/07/09,132，920,95，278,60,33
2007/07/02,133，460,94，660,60,33
2007/06/25,120，180,95，550,60,33
2007/06/18,141，550,105，260,56,34
2007/06/11,148，330,105，365,51,34
2007/06/04,144，690,113，810,50,34
2007/05/28,148，870,129，660,50,34
2007/05/21,136，290,116，660,46,34
2007/05/14,137，210,121，050,41,34
2007/05/07,162，400,122，200,40,34
2007/04/30,171，200,123，210,40,34
2007/04/25,172，400,125，700,39,33
2007/04/18,171，580,128，500,34,33
2007/04/11,173，520,131，000,30,31
2007/04/04,176，540,129，900,30,31
2007/03/28,178，510,129，800,30,31
2007/03/21,175，650,131，000,30,31
2007/03/14,185，000,154，000,30,32
2007/03/07,189，580,158，000,30,34
2007/02/28,195，100,159，500,30,35
2007/02/21,195，000,159，000,38,30
2007/02/14,235，000,161，000,39,30
2007/02/07,249，000,160，000,40,30
2007/01/31,252，000,154，000,42,30
2007/01/24,264，000,155，000,43,30
2007/01/17,250，000,151，000,43,31
2007/01/10,255，000,148，500,43,35
2007/01/03,245，000,150，000,43,35
2006/12/27,229，000,151，000,38,43
2006/12/20,231，000,140，000,38,43
2006/12/13,220，100,135，000,40,43
2006/12/06,203，823,118，500,40,43
2006/11/29,201，000,115，000,40,43
2006/11/22,181，000,112，700,40,43
2006/11/15,172，000,107，500,40,42
2006/11/08,148，000,103，600,40,40
2006/11/01,134，925,90，400,40,40
2006/10/25,137，692,89，500,40,40
2006/10/18,141，010,88，370,40,35
2006/10/11,137，110,92，740,40,33
2006/10/04,131，670,96，460,40,32
2006/09/27,124，200,99，310,40,31
2006/09/20,126，760,101，380,45,29
2006/09/13,139，840,110，070,45,29
2006/09/06,142，187,109，600,45,29
2006/08/30,145，767,106，660,50,28
2006/08/23,147，772,107，115,55,28
2006/08/16,150，598,108，460,60,28
2006/08/09,144，010,106，521,65,27
2006/08/02,139，710,105，090,70,27
2006/07/26,133，803,108，790,75,28
2006/07/19,121，100,105，670,75,29
2006/07/12,119，048,96，950,70,30
2006/07/05,106，447,92，300,70,31
2006/06/28,107，872,94，270,70,32
2006/06/21,118，760,99，130,70,32
2006/06/14,120，908,114，940,65,32
2006/06/07,129，258,119，110,60,34
2006/05/31,143，614,121，665,55,34
2006/05/24,148，620,138，265,50,34
2006/05/17,175，917,154，180,50,34
2006/05/10,196，025,152，025,50,33
2006/05/03,200，887,152，543,45,33
2006/04/26,211，329,155，840,40,33
2006/04/19,216，051,159，755,40,33
2006/04/12,226，513,168，970,40,33
2006/04/05,230，211,172，220,40,33
2006/03/29,237，923,174，380,40,33
2006/03/22,245，531,169，890,40,31
2006/03/15,246，188,163，520,40,31
2006/03/08,242，732,154，170,40,30
2006/03/01,245，389,155，780,40,30
2006/02/22,234，149,151，560,40,31
2006/02/15,226，276,149，120,40,32
2006/02/08,216，436,150，920,40,34
2006/02/01,215，171,126，430,40,34
2006/01/25,208，060,139，647,35,35
2006/01/18,208，369,127，050,35,39
2006/01/11,215，081,133，550,35,41
2006/01/04,179，750,125，770,35,41
2005/12/28,185，484,127，630,30,41
2005/12/21,184，786,130，140,30,42
2005/12/14,182，471,128，015,30,42
2005/12/07,193，104,139，210,30,43
2005/11/30,188，107,135，990,30,45
2005/11/23,193，444,140，346,30,46
2005/11/16,192，389,143，956,30,46
2005/11/09,205，650,139，432,40,49
2005/11/02,191，370,138，860,50,50
2005/10/26,184，674,123，210,60,50
2005/10/19,179，395,109，190,65,48
2005/10/12,175，523,102，925,70,45
2005/10/05,176，593,97，330,75,45
2005/09/28,171，675,94，070,,
2005/09/21,144，303,90，780,85,43
2005/09/14,140，290,93，510,90,43
2005/09/07,128，431,86，820,95,43
2005/08/31,132，443,87，979,100,43
2005/08/24,127，535,83，650,100,43
2005/08/17,125，136,85，232,100,43
2005/08/10,127，114,81，267,100,43
2005/08/03,128，785,86，087,100,41
2005/07/27,118，242,81，312,95,39
2005/07/20,116，230,78，712,90,39
2005/07/13,111，728,80，791,85,39
2005/07/06,117，297,88，872,80,39
2005/06/29,107，037,86，680,80,39
2005/06/22,111，520,89，454,75,39
2005/06/15,99，368,82，559,70,39
2005/06/08,110，027,88，130,65,39
2005/06/01,114，070,101，090,65,39
2005/05/25,109，943,105，754,60,39
2005/05/18,121，076,105，185,55,39
2005/05/11,124，128,117，388,50,39
2005/05/04,145，340,128，340,45,40
2005/04/27,159，849,133，990,45,40
2005/04/20,174，206,143，993,40,38
2005/04/13,190，767,143，250,40,35
2005/04/06,194，275,149，632,35,33
2005/03/30,210，170,153，160,35,32
2005/03/23,216，383,160，081,35,30
2005/03/16,232，191,169，090,35,30
2005/03/09,223，841,169，807,35,28
2005/03/02,214，905,160，180,35,28
2005/02/23,210，814,145，290,35,28
2005/02/16,218，656,145，010,35,28
2005/02/09,215，650,144，710,35,28
2005/02/02,216，952,149，570,35,30
2005/01/26,212，765,145，500,35,31
2005/01/19,202，771,151，700,35,33
2005/01/12,210，242,144，405,35,34
2005/01/05,198，950,151，743,35,36
2004/12/29,201，929,162，085,35,32
2004/12/22,204，678,176，490,30,37
2004/12/15,210，031,184，070,30,38
2004/12/08,209，450,181，940,30,40
2004/12/01,238，709,182，331,30,40
2004/11/23,242，502,175，030,40,42
2004/11/17,254，284,168，850,50,43
2004/11/10,250，950,149，050,60,46
2004/11/03,257，405,142，470,65,47
2004/10/27,244，761,134，350,70,48
2004/10/20,228，189,124，290,70,49
2004/10/13,224，829,124，120,70,47
2004/10/06,207，078,119，358,80,45
2004/09/29,187，790,119，140,90,44
2004/09/22,181，664,112，910,100,40
2004/09/15,181，920,110，960,110,40
2004/09/08,179，585,114，120,115,39
2004/09/01,183，793,114，170,120,37
2004/08/25,179，312,106，769,125,37
2004/08/18,164，570,97，235,130,36
2004/08/11,150，499,81，190,130,36
2004/08/04,140，090,71，303,125,36
2004/07/28,122，060,69，910,120,36
2004/07/21,108，130,69，748,115,36
2004/07/14,97，486,62，016,110,36
2004/07/07,97，424,65，601,100,36
2004/06/30,101，325,68，410,90,36
2004/06/23,102，333,77，019,80,37
2004/06/16,108，855,86，580,70,39
2004/06/09,104，195,94，850,65,40
2004/06/02,110，767,103，770,60,40
2004/05/26,112，587,108，542,55,39
2004/05/19,138，362,128，727,50,39
2004/05/12,144，434,136，450,50,38
2004/05/05,166，590,148，586,50,36
2004/04/28,194，543,155，023,45,36
2004/04/21,215，222,163，753,40,35
2004/04/14,226，605,162，690,35,34
2004/04/07,236，274,163，485,35,33
2004/03/31,227，931,160，160,35,33
2004/03/24,215，856,154，511,35,33
2004/03/17,218，220,151，940,35,31
2004/03/10,230，095,156，910,35,30
2004/03/03,234，889,156，780,35,30
2004/02/25,229，570,148，880,35,32
2004/02/18,230，506,146，066,30,33
2004/02/11,222，378,149，993,30,33
2004/02/04,220，214,154，080,30,35
2004/01/28,203，093,161，982,25,37
2004/01/21,198，781,149，944,20,39
2004/01/14,196，092,168，998,20,43
2004/01/07,194，203,189，998,20,44
2003/12/31,199，602,196，279,20,42
2003/12/24,221，459,204，197,20,40
2003/12/17,256，518,204，389,25,36
2003/12/10,283，981,206，800,35,35
2003/12/03,291，983,197，455,40,37
2003/11/26,284，097,183，142,45,38
2003/11/19,264，686,144，782,50,41
2003/11/12,260，172,135，635,55,43
2003/11/05,265，097,125，567,60,44
2003/10/29,220，610,111，530,60,44
2003/10/22,203，681,102，979,60,45
2003/10/15,181，146,90，634,65,45
2003/10/08,152，396,80，199,70,45
2003/10/01,140，531,75，600,70,45
2003/09/24,137，068,77，900,70,44
2003/09/17,130，548,78，287,70,39
2003/09/10,122，238,76，991,70,38
2003/09/03,114，931,75，507,70,38
2003/08/27,118，559,80，540,70,36
2003/08/20,116，733,78，904,80,32
2003/08/13,119，678,80，960,90,29
2003/08/06,115，302,79，964,95,28
2003/07/30,121，072,81，998,100,25
2003/07/23,120，221,79，548,100,24
2003/07/16,125，206,79，932,100,24
2003/07/09,122，734,84，142,100,24
2003/07/02,102，817,68，059,90,25
2003/06/25,102，313,75，949,80,26
2003/06/18,108，364,82，733,75,26
2003/06/11,106，590,98，502,70,26
2003/06/04,107，520,101，093,65,26
2003/05/28,116，051,114，326,60,27
2003/05/21,121，553,121，580,55,27
2003/05/14,147，266,131，540,50,27
2003/05/07,155，838,146，032,45,27
2003/04/30,187，390,158，115,45,27
2003/04/23,198，581,161，688,45,28
2003/04/16,208，962,171，569,45,28
2003/04/09,222，186,170，970,45,28
2003/04/02,213，009,160，434,40,28
2003/03/26,216，722,153，558,40,28
2003/03/19,223，635,162，302,40,28
2003/03/12,219，419,144，383,40,27
2003/03/05,216，232,143，006,40,27
2003/02/26,208，775,139，241,40,27
2003/02/19,205，852,141，599,40,29
2003/02/12,194，331,141，319,40,33
2003/02/05,196，508,153，387,40,34
2003/01/29,199，962,160，920,35,38
2003/01/22,200，484,187，997,35,40
2003/01/15,209，729,187，637,35,40
2003/01/08,223，378,185，579,35,40

